{
  "dispersion": {
    "2": {
      "mean": 92.98039215686275,
      "D": 0.28199072121467733,
      "binom_D": 0.5172554209508297,
      "perm_lo": 0.414911218894981,
      "perm_hi": 0.9075312104597214,
      "p_perm": 0.001
    },
    "5": {
      "mean": 37.588235294117645,
      "D": 0.4418153364632238,
      "binom_D": 0.8048457701313244,
      "perm_lo": 0.5545899843505477,
      "perm_hi": 1.1953755868544593,
      "p_perm": 0.008
    },
    "10": {
      "mean": 18.19607843137255,
      "D": 0.5781896551724137,
      "binom_D": 0.9055278428178765,
      "perm_lo": 0.5979741379310345,
      "perm_hi": 1.3169202586206894,
      "p_perm": 0.036
    },
    "20": {
      "mean": 8.843137254901961,
      "D": 0.8158758314855875,
      "binom_D": 0.9540873460246361,
      "perm_lo": 0.6349445676274943,
      "perm_hi": 1.3994922394678486,
      "p_perm": 0.458
    },
    "50": {
      "mean": 3.803921568627451,
      "D": 0.6942268041237114,
      "binom_D": 0.9802504326580475,
      "perm_lo": 0.6521649484536083,
      "perm_hi": 1.4197938144329896,
      "p_perm": 0.108
    },
    "100": {
      "mean": 1.8823529411764706,
      "D": 0.94875,
      "binom_D": 0.9902270182225389,
      "perm_lo": 0.65125,
      "perm_hi": 1.4162499999999998,
      "p_perm": 0.962
    }
  },
  "roundwindow_fano_flags": 0,
  "mult_duration_spearman": 0.9998989477978834,
  "waiting": "see stdout",
  "time_of_day_days": 2.1627939814814816,
  "periodicity": {
    "fft_period_rounds": 3.4376074252320388,
    "fft_fap": 0.47194690596344757
  },
  "within_hour": "see stdout",
  "exploit_worst_p": 0.8409566718205005
}